prefix,status,description
10.0.1.0/24,active,NaC-Test-1
10.0.2.0/24,active,NaC-Test-2
10.0.3.0/24,active,NaC-Test-3
10.0.4.0/24,active,NaC-Test-4
10.0.5.0/24,active,NaC-Test-5
10.0.6.0/24,active,NaC-Test-6
10.0.7.0/24,active,NaC-Test-7
10.0.8.0/24,active,NaC-Test-8
10.0.9.0/24,active,NaC-Test-9
10.0.10.0/24,active,NaC-Test-10
10.0.11.0/24,active,NaC-Test-11
10.0.12.0/24,active,NaC-Test-12
10.0.13.0/24,active,NaC-Test-13
10.0.14.0/24,active,NaC-Test-14
10.0.15.0/24,active,NaC-Test-15
10.0.16.0/24,active,NaC-Test-16
10.0.17.0/24,active,NaC-Test-17
10.0.18.0/24,active,NaC-Test-18
10.0.19.0/24,active,NaC-Test-19
10.0.20.0/24,active,NaC-Test-20
10.0.21.0/24,active,NaC-Test-21
10.0.22.0/24,active,NaC-Test-22
10.0.23.0/24,active,NaC-Test-23
10.0.24.0/24,active,NaC-Test-24
10.0.25.0/24,active,NaC-Test-25
10.0.26.0/24,active,NaC-Test-26
10.0.27.0/24,active,NaC-Test-27
10.0.28.0/24,active,NaC-Test-28
10.0.29.0/24,active,NaC-Test-29
10.0.30.0/24,active,NaC-Test-30
10.0.31.0/24,active,NaC-Test-31
10.0.32.0/24,active,NaC-Test-32
10.0.33.0/24,active,NaC-Test-33
10.0.34.0/24,active,NaC-Test-34
10.0.35.0/24,active,NaC-Test-35
10.0.36.0/24,active,NaC-Test-36
10.0.37.0/24,active,NaC-Test-37
10.0.38.0/24,active,NaC-Test-38
10.0.39.0/24,active,NaC-Test-39
10.0.40.0/24,active,NaC-Test-40
10.0.41.0/24,active,NaC-Test-41
10.0.42.0/24,active,NaC-Test-42
10.0.43.0/24,active,NaC-Test-43
10.0.44.0/24,active,NaC-Test-44
10.0.45.0/24,active,NaC-Test-45
10.0.46.0/24,active,NaC-Test-46
10.0.47.0/24,active,NaC-Test-47
10.0.48.0/24,active,NaC-Test-48
10.0.49.0/24,active,NaC-Test-49
10.0.50.0/24,active,NaC-Test-50
10.0.51.0/24,active,NaC-Test-51
10.0.52.0/24,active,NaC-Test-52
10.0.53.0/24,active,NaC-Test-53
10.0.54.0/24,active,NaC-Test-54
10.0.55.0/24,active,NaC-Test-55
10.0.56.0/24,active,NaC-Test-56
10.0.57.0/24,active,NaC-Test-57
10.0.58.0/24,active,NaC-Test-58
10.0.59.0/24,active,NaC-Test-59
10.0.60.0/24,active,NaC-Test-60
10.0.61.0/24,active,NaC-Test-61
10.0.62.0/24,active,NaC-Test-62
10.0.63.0/24,active,NaC-Test-63
10.0.64.0/24,active,NaC-Test-64
10.0.65.0/24,active,NaC-Test-65
10.0.66.0/24,active,NaC-Test-66
10.0.67.0/24,active,NaC-Test-67
10.0.68.0/24,active,NaC-Test-68
10.0.69.0/24,active,NaC-Test-69
10.0.70.0/24,active,NaC-Test-70
10.0.71.0/24,active,NaC-Test-71
10.0.72.0/24,active,NaC-Test-72
10.0.73.0/24,active,NaC-Test-73
10.0.74.0/24,active,NaC-Test-74
10.0.75.0/24,active,NaC-Test-75
10.0.76.0/24,active,NaC-Test-76
10.0.77.0/24,active,NaC-Test-77
10.0.78.0/24,active,NaC-Test-78
10.0.79.0/24,active,NaC-Test-79
10.0.80.0/24,active,NaC-Test-80
10.0.81.0/24,active,NaC-Test-81
10.0.82.0/24,active,NaC-Test-82
10.0.83.0/24,active,NaC-Test-83
10.0.84.0/24,active,NaC-Test-84
10.0.85.0/24,active,NaC-Test-85
10.0.86.0/24,active,NaC-Test-86
10.0.87.0/24,active,NaC-Test-87
10.0.88.0/24,active,NaC-Test-88
10.0.89.0/24,active,NaC-Test-89
10.0.90.0/24,active,NaC-Test-90
10.0.91.0/24,active,NaC-Test-91
10.0.92.0/24,active,NaC-Test-92
10.0.93.0/24,active,NaC-Test-93
10.0.94.0/24,active,NaC-Test-94
10.0.95.0/24,active,NaC-Test-95
10.0.96.0/24,active,NaC-Test-96
10.0.97.0/24,active,NaC-Test-97
10.0.98.0/24,active,NaC-Test-98
10.0.99.0/24,active,NaC-Test-99
10.0.100.0/24,active,NaC-Test-100
10.0.101.0/24,active,NaC-Test-101
10.0.102.0/24,active,NaC-Test-102
10.0.103.0/24,active,NaC-Test-103
10.0.104.0/24,active,NaC-Test-104
10.0.105.0/24,active,NaC-Test-105
10.0.106.0/24,active,NaC-Test-106
10.0.107.0/24,active,NaC-Test-107
10.0.108.0/24,active,NaC-Test-108
10.0.109.0/24,active,NaC-Test-109
10.0.110.0/24,active,NaC-Test-110
10.0.111.0/24,active,NaC-Test-111
10.0.112.0/24,active,NaC-Test-112
10.0.113.0/24,active,NaC-Test-113
10.0.114.0/24,active,NaC-Test-114
10.0.115.0/24,active,NaC-Test-115
10.0.116.0/24,active,NaC-Test-116
10.0.117.0/24,active,NaC-Test-117
10.0.118.0/24,active,NaC-Test-118
10.0.119.0/24,active,NaC-Test-119
10.0.120.0/24,active,NaC-Test-120
10.0.121.0/24,active,NaC-Test-121
10.0.122.0/24,active,NaC-Test-122
10.0.123.0/24,active,NaC-Test-123
10.0.124.0/24,active,NaC-Test-124
10.0.125.0/24,active,NaC-Test-125
10.0.126.0/24,active,NaC-Test-126
10.0.127.0/24,active,NaC-Test-127
10.0.128.0/24,active,NaC-Test-128
10.0.129.0/24,active,NaC-Test-129
10.0.130.0/24,active,NaC-Test-130
10.0.131.0/24,active,NaC-Test-131
10.0.132.0/24,active,NaC-Test-132
10.0.133.0/24,active,NaC-Test-133
10.0.134.0/24,active,NaC-Test-134
10.0.135.0/24,active,NaC-Test-135
10.0.136.0/24,active,NaC-Test-136
10.0.137.0/24,active,NaC-Test-137
10.0.138.0/24,active,NaC-Test-138
10.0.139.0/24,active,NaC-Test-139
10.0.140.0/24,active,NaC-Test-140
10.0.141.0/24,active,NaC-Test-141
10.0.142.0/24,active,NaC-Test-142
10.0.143.0/24,active,NaC-Test-143
10.0.144.0/24,active,NaC-Test-144
10.0.145.0/24,active,NaC-Test-145
10.0.146.0/24,active,NaC-Test-146
10.0.147.0/24,active,NaC-Test-147
10.0.148.0/24,active,NaC-Test-148
10.0.149.0/24,active,NaC-Test-149
10.0.150.0/24,active,NaC-Test-150
10.0.151.0/24,active,NaC-Test-151
10.0.152.0/24,active,NaC-Test-152
10.0.153.0/24,active,NaC-Test-153
10.0.154.0/24,active,NaC-Test-154
10.0.155.0/24,active,NaC-Test-155
10.0.156.0/24,active,NaC-Test-156
10.0.157.0/24,active,NaC-Test-157
10.0.158.0/24,active,NaC-Test-158
10.0.159.0/24,active,NaC-Test-159
10.0.160.0/24,active,NaC-Test-160
10.0.161.0/24,active,NaC-Test-161
10.0.162.0/24,active,NaC-Test-162
10.0.163.0/24,active,NaC-Test-163
10.0.164.0/24,active,NaC-Test-164
10.0.165.0/24,active,NaC-Test-165
10.0.166.0/24,active,NaC-Test-166
10.0.167.0/24,active,NaC-Test-167
10.0.168.0/24,active,NaC-Test-168
10.0.169.0/24,active,NaC-Test-169
10.0.170.0/24,active,NaC-Test-170
10.0.171.0/24,active,NaC-Test-171
10.0.172.0/24,active,NaC-Test-172
10.0.173.0/24,active,NaC-Test-173
10.0.174.0/24,active,NaC-Test-174
10.0.175.0/24,active,NaC-Test-175
10.0.176.0/24,active,NaC-Test-176
10.0.177.0/24,active,NaC-Test-177
10.0.178.0/24,active,NaC-Test-178
10.0.179.0/24,active,NaC-Test-179
10.0.180.0/24,active,NaC-Test-180
10.0.181.0/24,active,NaC-Test-181
10.0.182.0/24,active,NaC-Test-182
10.0.183.0/24,active,NaC-Test-183
10.0.184.0/24,active,NaC-Test-184
10.0.185.0/24,active,NaC-Test-185
10.0.186.0/24,active,NaC-Test-186
10.0.187.0/24,active,NaC-Test-187
10.0.188.0/24,active,NaC-Test-188
10.0.189.0/24,active,NaC-Test-189
10.0.190.0/24,active,NaC-Test-190
10.0.191.0/24,active,NaC-Test-191
10.0.192.0/24,active,NaC-Test-192
10.0.193.0/24,active,NaC-Test-193
10.0.194.0/24,active,NaC-Test-194
10.0.195.0/24,active,NaC-Test-195
10.0.196.0/24,active,NaC-Test-196
10.0.197.0/24,active,NaC-Test-197
10.0.198.0/24,active,NaC-Test-198
10.0.199.0/24,active,NaC-Test-199
10.0.200.0/24,active,NaC-Test-200
10.0.201.0/24,active,NaC-Test-201
10.0.202.0/24,active,NaC-Test-202
10.0.203.0/24,active,NaC-Test-203
10.0.204.0/24,active,NaC-Test-204
10.0.205.0/24,active,NaC-Test-205
10.0.206.0/24,active,NaC-Test-206
10.0.207.0/24,active,NaC-Test-207
10.0.208.0/24,active,NaC-Test-208
10.0.209.0/24,active,NaC-Test-209
10.0.210.0/24,active,NaC-Test-210
10.0.211.0/24,active,NaC-Test-211
10.0.212.0/24,active,NaC-Test-212
10.0.213.0/24,active,NaC-Test-213
10.0.214.0/24,active,NaC-Test-214
10.0.215.0/24,active,NaC-Test-215
10.0.216.0/24,active,NaC-Test-216
10.0.217.0/24,active,NaC-Test-217
10.0.218.0/24,active,NaC-Test-218
10.0.219.0/24,active,NaC-Test-219
10.0.220.0/24,active,NaC-Test-220
10.0.221.0/24,active,NaC-Test-221
10.0.222.0/24,active,NaC-Test-222
10.0.223.0/24,active,NaC-Test-223
10.0.224.0/24,active,NaC-Test-224
10.0.225.0/24,active,NaC-Test-225
10.0.226.0/24,active,NaC-Test-226
10.0.227.0/24,active,NaC-Test-227
10.0.228.0/24,active,NaC-Test-228
10.0.229.0/24,active,NaC-Test-229
10.0.230.0/24,active,NaC-Test-230
10.0.231.0/24,active,NaC-Test-231
10.0.232.0/24,active,NaC-Test-232
10.0.233.0/24,active,NaC-Test-233
10.0.234.0/24,active,NaC-Test-234
10.0.235.0/24,active,NaC-Test-235
10.0.236.0/24,active,NaC-Test-236
10.0.237.0/24,active,NaC-Test-237
10.0.238.0/24,active,NaC-Test-238
10.0.239.0/24,active,NaC-Test-239
10.0.240.0/24,active,NaC-Test-240
10.0.241.0/24,active,NaC-Test-241
10.0.242.0/24,active,NaC-Test-242
10.0.243.0/24,active,NaC-Test-243
10.0.244.0/24,active,NaC-Test-244
10.0.245.0/24,active,NaC-Test-245
10.0.246.0/24,active,NaC-Test-246
10.0.247.0/24,active,NaC-Test-247
10.0.248.0/24,active,NaC-Test-248
10.0.249.0/24,active,NaC-Test-249
10.0.250.0/24,active,NaC-Test-250
